Date,Actual
1/1/00,6
1/2/00,28
1/3/00,31
1/4/00,52
1/5/00,53
1/6/00,10
1/7/00,22
1/8/00,42
1/9/00,61
1/10/00,69
1/11/00,1
1/12/00,54
1/13/00,60
1/14/00,68
1/15/00,69
1/16/00,6
1/17/00,23
1/18/00,38
1/19/00,42
1/20/00,58
1/21/00,1
1/22/00,14
1/23/00,21
1/24/00,22
1/25/00,28
1/26/00,3
1/27/00,26
1/28/00,55
1/29/00,58
1/30/00,70
1/31/00,3
2/1/00,7
2/2/00,22
2/3/00,27
2/4/00,50
2/5/00,16
2/6/00,36
2/7/00,54
2/8/00,61
2/9/00,64
2/10/00,10
2/11/00,17
2/12/00,47
2/13/00,51
2/14/00,61
2/15/00,16
2/16/00,22
2/17/00,40
2/18/00,41
2/19/00,59
2/20/00,14
2/21/00,15
2/22/00,37
2/23/00,42
2/24/00,67
2/25/00,6
2/26/00,37
2/27/00,46
2/28/00,60
2/29/00,70
3/1/00,8
3/2/00,23
3/3/00,24
3/4/00,25
3/5/00,27
3/6/00,4
3/7/00,12
3/8/00,36
3/9/00,44
3/10/00,57
3/11/00,28
3/12/00,37
3/13/00,39
3/14/00,42
3/15/00,58
3/16/00,1
3/17/00,20
3/18/00,30
3/19/00,33
3/20/00,42
3/21/00,10
3/22/00,12
3/23/00,20
3/24/00,38
3/25/00,41
3/26/00,4
3/27/00,10
3/28/00,18
3/29/00,28
3/30/00,62
3/31/00,1
4/1/00,42
4/2/00,47
4/3/00,64
4/4/00,70
4/5/00,28
4/6/00,30
4/7/00,39
4/8/00,59
4/9/00,70
4/10/00,16
4/11/00,29
4/12/00,31
4/13/00,65
4/14/00,67
4/15/00,17
4/16/00,18
4/17/00,33
4/18/00,46
4/19/00,60
4/20/00,3
4/21/00,11
4/22/00,23
4/23/00,29
4/24/00,59
4/25/00,3
4/26/00,17
4/27/00,23
4/28/00,49
4/29/00,66
4/30/00,2
5/1/00,6
5/2/00,30
5/3/00,31
5/4/00,55
5/5/00,10
5/6/00,16
5/7/00,27
5/8/00,38
5/9/00,43
5/10/00,29
5/11/00,41
5/12/00,42
5/13/00,49
5/14/00,57
5/15/00,1
5/16/00,4
5/17/00,14
5/18/00,17
5/19/00,40
5/20/00,14
5/21/00,17
5/22/00,25
5/23/00,48
5/24/00,58
5/25/00,28
5/26/00,34
5/27/00,41
5/28/00,46
5/29/00,47
5/30/00,5
5/31/00,12
6/1/00,15
6/2/00,46
6/3/00,49
6/4/00,14
6/5/00,38
6/6/00,48
6/7/00,53
6/8/00,58
6/9/00,17
6/10/00,19
6/11/00,23
6/12/00,24
6/13/00,43
6/14/00,7
6/15/00,11
6/16/00,13
6/17/00,19
6/18/00,58
6/19/00,10
6/20/00,17
6/21/00,21
6/22/00,38
6/23/00,43
6/24/00,24
6/25/00,28
6/26/00,42
6/27/00,60
6/28/00,64
6/29/00,1
6/30/00,4
7/1/00,26
7/2/00,35
7/3/00,39
7/4/00,7
7/5/00,17
7/6/00,18
7/7/00,46
7/8/00,66
7/9/00,6
7/10/00,30
7/11/00,58
7/12/00,60
7/13/00,61
7/14/00,1
7/15/00,13
7/16/00,26
7/17/00,33
7/18/00,52
7/19/00,14
7/20/00,38
7/21/00,51
7/22/00,64
7/23/00,70
7/24/00,4
7/25/00,8
7/26/00,23
7/27/00,53
7/28/00,59
7/29/00,7
7/30/00,25
7/31/00,43
8/1/00,56
8/2/00,59
8/3/00,11
8/4/00,28
8/5/00,31
8/6/00,46
8/7/00,59
8/8/00,4
8/9/00,29
8/10/00,39
8/11/00,42
8/12/00,62
8/13/00,16
8/14/00,33
8/15/00,51
8/16/00,54
8/17/00,67
8/18/00,5
8/19/00,13
8/20/00,31
8/21/00,43
8/22/00,53
8/23/00,8
8/24/00,9
8/25/00,32
8/26/00,42
8/27/00,59
8/28/00,12
8/29/00,34
8/30/00,44
8/31/00,47
9/1/00,65
9/2/00,1
9/3/00,15
9/4/00,18
9/5/00,32
9/6/00,45
9/7/00,3
9/8/00,19
9/9/00,31
9/10/00,32
9/11/00,48
9/12/00,2
9/13/00,29
9/14/00,38
9/15/00,63
9/16/00,66
9/17/00,2
9/18/00,7
9/19/00,20
9/20/00,55
9/21/00,70
9/22/00,4
9/23/00,5
9/24/00,10
9/25/00,12
9/26/00,18
9/27/00,8
9/28/00,15
9/29/00,39
9/30/00,64
10/1/00,67
10/2/00,14
10/3/00,38
10/4/00,40
10/5/00,53
10/6/00,70
10/7/00,21
10/8/00,34
10/9/00,44
10/10/00,49
10/11/00,61
10/12/00,9
10/13/00,26
10/14/00,53
10/15/00,64
10/16/00,66
10/17/00,16
10/18/00,17
10/19/00,21
10/20/00,36
10/21/00,48
10/22/00,11
10/23/00,14
10/24/00,51
10/25/00,64
10/26/00,68
10/27/00,2
10/28/00,11
10/29/00,55
10/30/00,58
10/31/00,67
11/1/00,5
11/2/00,24
11/3/00,52
11/4/00,62
11/5/00,66
11/6/00,22
11/7/00,33
11/8/00,41
11/9/00,48
11/10/00,52
11/11/00,14
11/12/00,30
11/13/00,33
11/14/00,44
11/15/00,56
11/16/00,1
11/17/00,3
11/18/00,5
11/19/00,8
11/20/00,70
11/21/00,1
11/22/00,11
11/23/00,37
11/24/00,47
11/25/00,51
11/26/00,11
11/27/00,13
11/28/00,28
11/29/00,65
11/30/00,70
12/1/00,2
12/2/00,6
12/3/00,11
12/4/00,27
12/5/00,44
12/6/00,17
12/7/00,25
12/8/00,29
12/9/00,39
12/10/00,60
12/11/00,2
12/12/00,32
12/13/00,47
12/14/00,49
12/15/00,68
12/16/00,13
12/17/00,35
12/18/00,45
12/19/00,49
12/20/00,68
12/21/00,2
12/22/00,10
12/23/00,46
12/24/00,50
12/25/00,56
12/26/00,1
12/27/00,17
12/28/00,28
12/29/00,56
12/30/00,70
12/31/00,21
1/1/01,22
1/2/01,39
1/3/01,59
1/4/01,68
1/5/01,40
1/6/01,41
1/7/01,61
1/8/01,66
1/9/01,67
1/10/01,1
1/11/01,14
1/12/01,30
1/13/01,44
1/14/01,62
1/15/01,1
1/16/01,2
1/17/01,4
1/18/01,19
1/19/01,29
1/20/01,1
1/21/01,32
1/22/01,40
1/23/01,49
1/24/01,63
1/25/01,12
1/26/01,15
1/27/01,35
1/28/01,64
1/29/01,69
1/30/01,9
1/31/01,28
2/1/01,30
2/2/01,54
2/3/01,60
2/4/01,2
2/5/01,13
2/6/01,15
2/7/01,21
2/8/01,62
2/9/01,1
2/10/01,3
2/11/01,12
2/12/01,22
2/13/01,42
2/14/01,11
2/15/01,26
2/16/01,44
2/17/01,45
2/18/01,46
2/19/01,1
2/20/01,31
2/21/01,32
2/22/01,47
2/23/01,56
2/24/01,14
2/25/01,16
2/26/01,19
2/27/01,38
2/28/01,57
3/1/01,1
3/2/01,6
3/3/01,13
3/4/01,18
3/5/01,49
3/6/01,3
3/7/01,20
3/8/01,33
3/9/01,34
3/10/01,41
3/11/01,7
3/12/01,18
3/13/01,29
3/14/01,32
3/15/01,45
3/16/01,2
3/17/01,7
3/18/01,25
3/19/01,35
3/20/01,44
3/21/01,8
3/22/01,10
3/23/01,41
3/24/01,54
3/25/01,68
3/26/01,15
3/27/01,30
3/28/01,51
3/29/01,62
3/30/01,67
3/31/01,23
4/1/01,30
4/2/01,40
4/3/01,43
4/4/01,66
4/5/01,31
4/6/01,32
4/7/01,43
4/8/01,63
4/9/01,68
4/10/01,1
4/11/01,2
4/12/01,11
4/13/01,52
4/14/01,64
4/15/01,8
4/16/01,16
4/17/01,32
4/18/01,48
4/19/01,61
4/20/01,39
4/21/01,45
4/22/01,52
4/23/01,56
4/24/01,59
4/25/01,2
4/26/01,22
4/27/01,29
4/28/01,31
4/29/01,34
4/30/01,27
5/1/01,28
5/2/01,32
5/3/01,41
5/4/01,69
5/5/01,20
5/6/01,22
5/7/01,39
5/8/01,54
5/9/01,60
5/10/01,4
5/11/01,24
5/12/01,46
5/13/01,61
5/14/01,70
5/15/01,3
5/16/01,45
5/17/01,49
5/18/01,61
5/19/01,69
5/20/01,15
5/21/01,23
5/22/01,53
5/23/01,65
5/24/01,70
5/25/01,5
5/26/01,28
5/27/01,62
5/28/01,65
5/29/01,70
5/30/01,1
5/31/01,28
6/1/01,61
6/2/01,62
6/3/01,63
6/4/01,20
6/5/01,31
6/6/01,39
6/7/01,46
6/8/01,49
6/9/01,3
6/10/01,23
6/11/01,28
6/12/01,46
6/13/01,62
6/14/01,28
6/15/01,34
6/16/01,37
6/17/01,56
6/18/01,69
6/19/01,8
6/20/01,14
6/21/01,27
6/22/01,57
6/23/01,67
6/24/01,34
6/25/01,46
6/26/01,57
6/27/01,65
6/28/01,69
6/29/01,33
6/30/01,36
7/1/01,63
7/2/01,68
7/3/01,69
7/4/01,10
7/5/01,16
7/6/01,31
7/7/01,42
7/8/01,66
7/9/01,7
7/10/01,10
7/11/01,30
7/12/01,33
7/13/01,59
7/14/01,12
7/15/01,24
7/16/01,37
7/17/01,42
7/18/01,57
7/19/01,25
7/20/01,28
7/21/01,40
7/22/01,43
7/23/01,63
7/24/01,28
7/25/01,31
7/26/01,41
7/27/01,42
7/28/01,50
7/29/01,4
7/30/01,10
7/31/01,20
8/1/01,33
8/2/01,57
8/3/01,4
8/4/01,38
8/5/01,39
8/6/01,54
8/7/01,59
8/8/01,5
8/9/01,22
8/10/01,26
8/11/01,43
8/12/01,49
8/13/01,13
8/14/01,22
8/15/01,32
8/16/01,60
8/17/01,69
8/18/01,10
8/19/01,13
8/20/01,61
8/21/01,62
8/22/01,70
8/23/01,2
8/24/01,8
8/25/01,42
8/26/01,43
8/27/01,50
8/28/01,9
8/29/01,10
8/30/01,25
8/31/01,37
9/1/01,38
9/2/01,34
9/3/01,44
9/4/01,57
9/5/01,62
9/6/01,70
9/7/01,21
9/8/01,29
9/9/01,35
9/10/01,54
9/11/01,60
9/12/01,13
9/13/01,26
9/14/01,29
9/15/01,38
9/16/01,64
9/17/01,4
9/18/01,5
9/19/01,31
9/20/01,62
9/21/01,69
9/22/01,29
9/23/01,52
9/24/01,58
9/25/01,60
9/26/01,62
9/27/01,2
9/28/01,43
9/29/01,48
9/30/01,62
10/1/01,64
10/2/01,4
10/3/01,15
10/4/01,37
10/5/01,59
10/6/01,64
10/7/01,8
10/8/01,16
10/9/01,30
10/10/01,38
10/11/01,61
10/12/01,10
10/13/01,33
10/14/01,53
10/15/01,54
10/16/01,62
10/17/01,2
10/18/01,37
10/19/01,48
10/20/01,66
10/21/01,68
10/22/01,3
10/23/01,34
10/24/01,36
10/25/01,59
10/26/01,66
10/27/01,14
10/28/01,24
10/29/01,31
10/30/01,42
10/31/01,48
11/1/01,15
11/2/01,32
11/3/01,39
11/4/01,50
11/5/01,65
11/6/01,10
11/7/01,38
11/8/01,40
11/9/01,43
11/10/01,65
11/11/01,17
11/12/01,24
11/13/01,34
11/14/01,56
11/15/01,65
11/16/01,18
11/17/01,24
11/18/01,31
11/19/01,34
11/20/01,55
11/21/01,10
11/22/01,12
11/23/01,14
11/24/01,24
11/25/01,60
11/26/01,29
11/27/01,33
11/28/01,39
11/29/01,60
11/30/01,66
12/1/01,15
12/2/01,20
12/3/01,32
12/4/01,37
12/5/01,52
12/6/01,4
12/7/01,9
12/8/01,42
12/9/01,62
12/10/01,68
12/11/01,10
12/12/01,12
12/13/01,16
12/14/01,49
12/15/01,57
12/16/01,3
12/17/01,29
12/18/01,56
12/19/01,62
12/20/01,64
12/21/01,10
12/22/01,42
12/23/01,53
12/24/01,67
12/25/01,68
12/26/01,7
12/27/01,36
12/28/01,58
12/29/01,60
12/30/01,62
12/31/01,4
1/1/02,14
1/2/02,22
1/3/02,43
1/4/02,58
1/5/02,5
1/6/02,14
1/7/02,15
1/8/02,62
1/9/02,66
1/10/02,33
1/11/02,47
1/12/02,58
1/13/02,59
1/14/02,64
1/15/02,8
1/16/02,22
1/17/02,24
1/18/02,38
1/19/02,64
1/20/02,11
1/21/02,22
1/22/02,34
1/23/02,44
1/24/02,58
1/25/02,1
1/26/02,24
1/27/02,25
1/28/02,40
1/29/02,70
1/30/02,11
1/31/02,29
2/1/02,34
2/2/02,48
2/3/02,54
2/4/02,18
2/5/02,25
2/6/02,43
2/7/02,44
2/8/02,57
2/9/02,7
2/10/02,24
2/11/02,30
2/12/02,48
2/13/02,67
2/14/02,9
2/15/02,17
2/16/02,23
2/17/02,30
2/18/02,46
2/19/02,24
2/20/02,37
2/21/02,41
2/22/02,61
2/23/02,70
2/24/02,8
2/25/02,16
2/26/02,22
2/27/02,66
2/28/02,68
3/1/02,3
3/2/02,6
3/3/02,34
3/4/02,54
3/5/02,63
3/6/02,3
3/7/02,16
3/8/02,21
3/9/02,61
3/10/02,62
3/11/02,11
3/12/02,59
3/13/02,66
3/14/02,67
3/15/02,68
3/16/02,5
3/17/02,17
3/18/02,28
3/19/02,32
3/20/02,63
3/21/02,10
3/22/02,50
3/23/02,55
3/24/02,56
3/25/02,58
3/26/02,14
3/27/02,41
3/28/02,44
3/29/02,56
3/30/02,62
3/31/02,9
4/1/02,21
4/2/02,34
4/3/02,42
4/4/02,50
4/5/02,7
4/6/02,8
4/7/02,26
4/8/02,65
4/9/02,67
4/10/02,25
4/11/02,37
4/12/02,46
4/13/02,48
4/14/02,68
4/15/02,17
4/16/02,19
4/17/02,27
4/18/02,40
4/19/02,68
4/20/02,20
4/21/02,34
4/22/02,39
4/23/02,43
4/24/02,57
4/25/02,19
4/26/02,40
4/27/02,47
4/28/02,57
4/29/02,65
4/30/02,12
5/1/02,14
5/2/02,22
5/3/02,24
5/4/02,48
5/5/02,13
5/6/02,30
5/7/02,36
5/8/02,48
5/9/02,62
5/10/02,24
5/11/02,33
5/12/02,45
5/13/02,47
5/14/02,61
5/15/02,2
5/16/02,35
5/17/02,49
5/18/02,53
5/19/02,63
5/20/02,3
5/21/02,25
5/22/02,37
5/23/02,40
5/24/02,55
5/25/02,6
5/26/02,38
5/27/02,47
5/28/02,57
5/29/02,63
5/30/02,12
5/31/02,26
6/1/02,40
6/2/02,48
6/3/02,64
6/4/02,8
6/5/02,25
6/6/02,38
6/7/02,56
6/8/02,59
6/9/02,8
6/10/02,16
6/11/02,31
6/12/02,48
6/13/02,52
6/14/02,16
6/15/02,18
6/16/02,28
6/17/02,33
6/18/02,67
6/19/02,1
6/20/02,4
6/21/02,23
6/22/02,40
6/23/02,45
6/24/02,4
6/25/02,6
6/26/02,11
6/27/02,43
6/28/02,48
6/29/02,10
6/30/02,24
7/1/02,28
7/2/02,33
7/3/02,38
7/4/02,11
7/5/02,20
7/6/02,26
7/7/02,48
7/8/02,70
7/9/02,11
7/10/02,17
7/11/02,31
7/12/02,43
7/13/02,55
7/14/02,15
7/15/02,53
7/16/02,56
7/17/02,59
7/18/02,63
7/19/02,7
7/20/02,27
7/21/02,31
7/22/02,34
7/23/02,51
7/24/02,4
7/25/02,14
7/26/02,24
7/27/02,26
7/28/02,46
7/29/02,8
7/30/02,14
7/31/02,25
8/1/02,51
8/2/02,63
8/3/02,11
8/4/02,15
8/5/02,37
8/6/02,54
8/7/02,68
8/8/02,8
8/9/02,12
8/10/02,23
8/11/02,39
8/12/02,43
8/13/02,3
8/14/02,9
8/15/02,11
8/16/02,34
8/17/02,39
8/18/02,13
8/19/02,20
8/20/02,27
8/21/02,61
8/22/02,62
8/23/02,4
8/24/02,11
8/25/02,13
8/26/02,19
8/27/02,31
8/28/02,34
8/29/02,47
8/30/02,48
8/31/02,50
9/1/02,55
9/2/02,6
9/3/02,16
9/4/02,37
9/5/02,59
9/6/02,62
9/7/02,12
9/8/02,15
9/9/02,30
9/10/02,50
9/11/02,65
9/12/02,23
9/13/02,24
9/14/02,42
9/15/02,48
9/16/02,53
9/17/02,6
9/18/02,14
9/19/02,24
9/20/02,42
9/21/02,46
9/22/02,12
9/23/02,20
9/24/02,31
9/25/02,43
9/26/02,45
9/27/02,10
9/28/02,17
9/29/02,39
9/30/02,42
10/1/02,59
10/2/02,11
10/3/02,38
10/4/02,44
10/5/02,48
10/6/02,70
10/7/02,5
10/8/02,8
10/9/02,10
10/10/02,17
10/11/02,48
10/12/02,14
10/13/02,22
10/14/02,30
10/15/02,37
10/16/02,60
10/17/02,4
10/18/02,12
10/19/02,14
10/20/02,35
10/21/02,70
10/22/02,18
10/23/02,58
10/24/02,60
10/25/02,65
10/26/02,67
10/27/02,5
10/28/02,11
10/29/02,14
10/30/02,23
10/31/02,25
11/1/02,16
11/2/02,24
11/3/02,25
11/4/02,52
11/5/02,60
11/6/02,4
11/7/02,9
11/8/02,17
11/9/02,27
11/10/02,39
11/11/02,9
11/12/02,20
11/13/02,36
11/14/02,41
11/15/02,54
11/16/02,2
11/17/02,9
11/18/02,24
11/19/02,49
11/20/02,54
11/21/02,3
11/22/02,4
11/23/02,10
11/24/02,39
11/25/02,58
11/26/02,19
11/27/02,30
11/28/02,44
11/29/02,56
11/30/02,65
12/1/02,12
12/2/02,19
12/3/02,34
12/4/02,35
12/5/02,68
12/6/02,22
12/7/02,43
12/8/02,44
12/9/02,47
12/10/02,66
12/11/02,7
12/12/02,12
12/13/02,17
12/14/02,49
12/15/02,53
12/16/02,8
12/17/02,27
12/18/02,29
12/19/02,38
12/20/02,43
12/21/02,6
12/22/02,8
12/23/02,31
12/24/02,50
12/25/02,65
12/26/02,23
12/27/02,43
12/28/02,60
12/29/02,63
12/30/02,69
12/31/02,20
1/1/03,31
1/2/03,40
1/3/03,46
1/4/03,61
1/5/03,18
1/6/03,31
1/7/03,46
1/8/03,54
1/9/03,61
1/10/03,17
1/11/03,21
1/12/03,29
1/13/03,39
1/14/03,56
1/15/03,22
1/16/03,30
1/17/03,53
1/18/03,55
1/19/03,56
1/20/03,3
1/21/03,20
1/22/03,23
1/23/03,35
1/24/03,60
1/25/03,27
1/26/03,37
1/27/03,48
1/28/03,63
1/29/03,66
1/30/03,17
1/31/03,34
2/1/03,40
2/2/03,63
2/3/03,64
2/4/03,30
2/5/03,44
2/6/03,49
2/7/03,53
2/8/03,56
2/9/03,37
2/10/03,41
2/11/03,42
2/12/03,53
2/13/03,63
2/14/03,25
2/15/03,40
2/16/03,41
2/17/03,52
2/18/03,56
2/19/03,17
2/20/03,27
2/21/03,49
2/22/03,51
2/23/03,66
2/24/03,9
2/25/03,11
2/26/03,13
2/27/03,31
2/28/03,47
3/1/03,3
3/2/03,25
3/3/03,30
3/4/03,54
3/5/03,70
3/6/03,16
3/7/03,18
3/8/03,29
3/9/03,31
3/10/03,37
3/11/03,3
3/12/03,4
3/13/03,18
3/14/03,23
3/15/03,38
3/16/03,17
3/17/03,36
3/18/03,47
3/19/03,51
3/20/03,62
3/21/03,28
3/22/03,31
3/23/03,33
3/24/03,57
3/25/03,62
3/26/03,32
3/27/03,48
3/28/03,50
3/29/03,51
3/30/03,64
3/31/03,9
4/1/03,14
4/2/03,27
4/3/03,36
4/4/03,52
4/5/03,4
4/6/03,6
4/7/03,32
4/8/03,52
4/9/03,64
4/10/03,10
4/11/03,32
4/12/03,48
4/13/03,54
4/14/03,55
4/15/03,6
4/16/03,12
4/17/03,39
4/18/03,61
4/19/03,70
4/20/03,4
4/21/03,7
4/22/03,13
4/23/03,16
4/24/03,60
4/25/03,2
4/26/03,9
4/27/03,43
4/28/03,49
4/29/03,63
4/30/03,2
5/1/03,3
5/2/03,14
5/3/03,41
5/4/03,64
5/5/03,8
5/6/03,12
5/7/03,33
5/8/03,56
5/9/03,64
5/10/03,15
5/11/03,48
5/12/03,56
5/13/03,58
5/14/03,70
5/15/03,6
5/16/03,17
5/17/03,48
5/18/03,54
5/19/03,69
5/20/03,7
5/21/03,22
5/22/03,37
5/23/03,43
5/24/03,44
5/25/03,20
5/26/03,27
5/27/03,28
5/28/03,58
5/29/03,59
5/30/03,34
5/31/03,35
6/1/03,41
6/2/03,45
6/3/03,54
6/4/03,2
6/5/03,8
6/6/03,16
6/7/03,18
6/8/03,31
6/9/03,3
6/10/03,25
6/11/03,28
6/12/03,50
6/13/03,60
6/14/03,8
6/15/03,17
6/16/03,51
6/17/03,57
6/18/03,70
6/19/03,24
6/20/03,38
6/21/03,44
6/22/03,57
6/23/03,58
6/24/03,25
6/25/03,33
6/26/03,43
6/27/03,51
6/28/03,68
6/29/03,2
6/30/03,11
7/1/03,21
7/2/03,57
7/3/03,60
7/4/03,29
7/5/03,47
7/6/03,65
7/7/03,69
7/8/03,70
7/9/03,13
7/10/03,35
7/11/03,39
7/12/03,46
7/13/03,55
7/14/03,13
7/15/03,15
7/16/03,24
7/17/03,67
7/18/03,70
7/19/03,1
7/20/03,27
7/21/03,32
7/22/03,60
7/23/03,67
7/24/03,13
7/25/03,19
7/26/03,53
7/27/03,54
7/28/03,63
7/29/03,28
7/30/03,30
7/31/03,31
8/1/03,35
8/2/03,66
8/3/03,7
8/4/03,13
8/5/03,17
8/6/03,21
8/7/03,45
8/8/03,5
8/9/03,20
8/10/03,22
8/11/03,61
8/12/03,70
8/13/03,7
8/14/03,16
8/15/03,27
8/16/03,44
8/17/03,52
8/18/03,11
8/19/03,17
8/20/03,32
8/21/03,33
8/22/03,46
8/23/03,8
8/24/03,19
8/25/03,25
8/26/03,36
8/27/03,66
8/28/03,8
8/29/03,10
8/30/03,20
8/31/03,44
9/1/03,46
9/2/03,34
9/3/03,52
9/4/03,58
9/5/03,59
9/6/03,62
9/7/03,10
9/8/03,13
9/9/03,32
9/10/03,41
9/11/03,51
9/12/03,9
9/13/03,20
9/14/03,23
9/15/03,26
9/16/03,29
9/17/03,32
9/18/03,35
9/19/03,37
9/20/03,47
9/21/03,55
9/22/03,1
9/23/03,5
9/24/03,9
9/25/03,10
9/26/03,23
9/27/03,9
9/28/03,14
9/29/03,57
9/30/03,67
10/1/03,70
10/2/03,21
10/3/03,23
10/4/03,33
10/5/03,35
10/6/03,42
10/7/03,11
10/8/03,34
10/9/03,36
10/10/03,52
10/11/03,66
10/12/03,6
10/13/03,20
10/14/03,37
10/15/03,40
10/16/03,48
10/17/03,19
10/18/03,33
10/19/03,37
10/20/03,56
10/21/03,57
10/22/03,9
10/23/03,16
10/24/03,29
10/25/03,37
10/26/03,53
10/27/03,20
10/28/03,40
10/29/03,44
10/30/03,45
10/31/03,50
11/1/03,16
11/2/03,20
11/3/03,25
11/4/03,30
11/5/03,43
11/6/03,10
11/7/03,15
11/8/03,20
11/9/03,49
11/10/03,53
11/11/03,6
11/12/03,26
11/13/03,55
11/14/03,56
11/15/03,64
11/16/03,12
11/17/03,13
11/18/03,21
11/19/03,46
11/20/03,57
11/21/03,14
11/22/03,25
11/23/03,26
11/24/03,41
11/25/03,43
11/26/03,8
11/27/03,33
11/28/03,39
11/29/03,54
11/30/03,58
12/1/03,17
12/2/03,20
12/3/03,27
12/4/03,31
12/5/03,34
12/6/03,12
12/7/03,35
12/8/03,46
12/9/03,48
12/10/03,69
12/11/03,2
12/12/03,22
12/13/03,30
12/14/03,42
12/15/03,62
12/16/03,4
12/17/03,44
12/18/03,53
12/19/03,64
12/20/03,70
12/21/03,8
12/22/03,22
12/23/03,29
12/24/03,43
12/25/03,56
12/26/03,3
12/27/03,24
12/28/03,29
12/29/03,42
12/30/03,47
12/31/03,4
1/1/04,18
1/2/04,26
1/3/04,27
1/4/04,58
1/5/04,11
1/6/04,15
1/7/04,31
1/8/04,42
1/9/04,63
1/10/04,8
1/11/04,10
1/12/04,15
1/13/04,17
1/14/04,57
1/15/04,3
1/16/04,9
1/17/04,50
1/18/04,53
1/19/04,64
1/20/04,15
1/21/04,25
1/22/04,26
1/23/04,38
1/24/04,47
1/25/04,19
1/26/04,22
1/27/04,24
1/28/04,28
1/29/04,53
1/30/04,7
1/31/04,10
2/1/04,15
2/2/04,31
2/3/04,57
2/4/04,3
2/5/04,15
2/6/04,42
2/7/04,48
2/8/04,56
2/9/04,25
2/10/04,28
2/11/04,38
2/12/04,59
2/13/04,62
2/14/04,26
2/15/04,29
2/16/04,41
2/17/04,52
2/18/04,64
2/19/04,36
2/20/04,43
2/21/04,44
2/22/04,55
2/23/04,68
2/24/04,20
2/25/04,36
2/26/04,37
2/27/04,48
2/28/04,67
2/29/04,14
3/1/04,39
3/2/04,43
3/3/04,44
3/4/04,67
3/5/04,9
3/6/04,38
3/7/04,47
3/8/04,49
3/9/04,68
3/10/04,15
3/11/04,16
3/12/04,18
3/13/04,39
3/14/04,59
3/15/04,5
3/16/04,11
3/17/04,25
3/18/04,27
3/19/04,64
3/20/04,11
3/21/04,44
3/22/04,45
3/23/04,46
3/24/04,70
3/25/04,27
3/26/04,32
3/27/04,50
3/28/04,52
3/29/04,57
3/30/04,46
3/31/04,54
4/1/04,57
4/2/04,58
4/3/04,66
4/4/04,18
4/5/04,34
4/6/04,44
4/7/04,60
4/8/04,69
4/9/04,6
4/10/04,13
4/11/04,34
4/12/04,46
4/13/04,62
4/14/04,14
4/15/04,19
4/16/04,34
4/17/04,39
4/18/04,59
4/19/04,7
4/20/04,31
4/21/04,44
4/22/04,45
4/23/04,55
4/24/04,18
4/25/04,24
4/26/04,27
4/27/04,34
4/28/04,60
4/29/04,23
4/30/04,45
5/1/04,53
5/2/04,58
5/3/04,62
5/4/04,6
5/5/04,7
5/6/04,14
5/7/04,28
5/8/04,59
5/9/04,8
5/10/04,13
5/11/04,35
5/12/04,46
5/13/04,68
5/14/04,26
5/15/04,33
5/16/04,45
5/17/04,61
5/18/04,68
5/19/04,9
5/20/04,15
5/21/04,34
5/22/04,61
5/23/04,64
5/24/04,4
5/25/04,10
5/26/04,27
5/27/04,35
5/28/04,58
5/29/04,7
5/30/04,33
5/31/04,53
6/1/04,61
6/2/04,65
6/3/04,3
6/4/04,19
6/5/04,24
6/6/04,44
6/7/04,50
6/8/04,15
6/9/04,19
6/10/04,33
6/11/04,39
6/12/04,68
6/13/04,19
6/14/04,31
6/15/04,37
6/16/04,55
6/17/04,67
6/18/04,1
6/19/04,10
6/20/04,18
6/21/04,20
6/22/04,46
6/23/04,7
6/24/04,15
6/25/04,25
6/26/04,51
6/27/04,60
6/28/04,29
6/29/04,53
6/30/04,56
7/1/04,59
7/2/04,67
7/3/04,17
7/4/04,23
7/5/04,36
7/6/04,69
7/7/04,70
7/8/04,1
7/9/04,31
7/10/04,35
7/11/04,48
7/12/04,62
7/13/04,8
7/14/04,24
7/15/04,53
7/16/04,68
7/17/04,69
7/18/04,20
7/19/04,43
7/20/04,51
7/21/04,55
7/22/04,57
7/23/04,3
7/24/04,6
7/25/04,16
7/26/04,18
7/27/04,58
7/28/04,12
7/29/04,14
7/30/04,26
7/31/04,28
8/1/04,33
8/2/04,3
8/3/04,11
8/4/04,12
8/5/04,38
8/6/04,43
8/7/04,10
8/8/04,19
8/9/04,26
8/10/04,28
8/11/04,50
8/12/04,4
8/13/04,26
8/14/04,42
8/15/04,50
8/16/04,60
8/17/04,29
8/18/04,49
8/19/04,56
8/20/04,66
8/21/04,67
8/22/04,4
8/23/04,44
8/24/04,58
8/25/04,59
8/26/04,70
8/27/04,13
8/28/04,37
8/29/04,38
8/30/04,40
8/31/04,67
9/1/04,14
9/2/04,17
9/3/04,28
9/4/04,29
9/5/04,44
9/6/04,7
9/7/04,18
9/8/04,21
9/9/04,31
9/10/04,40
9/11/04,5
9/12/04,14
9/13/04,24
9/14/04,25
9/15/04,27
9/16/04,1
9/17/04,36
9/18/04,44
9/19/04,54
9/20/04,66
9/21/04,27
9/22/04,32
9/23/04,47
9/24/04,50
9/25/04,53
9/26/04,5
9/27/04,7
9/28/04,9
9/29/04,20
9/30/04,57
10/1/04,11
10/2/04,15
10/3/04,37
10/4/04,62
10/5/04,64
10/6/04,4
10/7/04,8
10/8/04,13
10/9/04,34
10/10/04,64
10/11/04,10
10/12/04,11
10/13/04,17
10/14/04,27
10/15/04,54
10/16/04,4
10/17/04,33
10/18/04,46
10/19/04,58
10/20/04,65
10/21/04,2
10/22/04,24
10/23/04,25
10/24/04,31
10/25/04,65
10/26/04,10
10/27/04,41
10/28/04,46
10/29/04,52
10/30/04,69
10/31/04,9
11/1/04,14
11/2/04,40
11/3/04,58
11/4/04,69
11/5/04,12
11/6/04,23
11/7/04,35
11/8/04,38
11/9/04,55
11/10/04,4
11/11/04,25
11/12/04,37
11/13/04,46
11/14/04,67
11/15/04,11
11/16/04,37
11/17/04,47
11/18/04,53
11/19/04,56
11/20/04,10
11/21/04,42
11/22/04,48
11/23/04,53
11/24/04,62
11/25/04,1
11/26/04,19
11/27/04,20
11/28/04,32
11/29/04,42
11/30/04,22
12/1/04,26
12/2/04,27
12/3/04,58
12/4/04,66
12/5/04,10
12/6/04,15
12/7/04,19
12/8/04,45
12/9/04,68
12/10/04,17
12/11/04,27
12/12/04,28
12/13/04,50
12/14/04,55
12/15/04,6
12/16/04,23
12/17/04,43
12/18/04,49
12/19/04,52
12/20/04,4
12/21/04,28
12/22/04,29
12/23/04,30
12/24/04,60
12/25/04,15
12/26/04,22
12/27/04,30
12/28/04,41
12/29/04,42
12/30/04,8
12/31/04,19
1/1/05,26
1/2/05,48
1/3/05,49
1/4/05,4
1/5/05,27
1/6/05,32
1/7/05,57
1/8/05,63
1/9/05,5
1/10/05,10
1/11/05,19
1/12/05,21
1/13/05,50
1/14/05,7
1/15/05,8
1/16/05,20
1/17/05,36
1/18/05,39
1/19/05,3
1/20/05,18
1/21/05,41
1/22/05,44
1/23/05,68
1/24/05,3
1/25/05,5
1/26/05,56
1/27/05,61
1/28/05,66
1/29/05,6
1/30/05,9
1/31/05,17
2/1/05,18
2/2/05,48
2/3/05,14
2/4/05,21
2/5/05,31
2/6/05,34
2/7/05,54
2/8/05,10
2/9/05,14
2/10/05,20
2/11/05,47
2/12/05,70
2/13/05,7
2/14/05,11
2/15/05,33
2/16/05,58
2/17/05,63
2/18/05,4
2/19/05,30
2/20/05,34
2/21/05,41
2/22/05,64
2/23/05,9
2/24/05,22
2/25/05,39
2/26/05,41
2/27/05,54
2/28/05,4
3/1/05,43
3/2/05,56
3/3/05,63
3/4/05,68
3/5/05,18
3/6/05,22
3/7/05,27
3/8/05,38
3/9/05,52
3/10/05,14
3/11/05,36
3/12/05,44
3/13/05,46
3/14/05,53